team,hfa_rating,raw_hfa,home_margin,away_margin,home_games,away_games,total_games
Virginia University Of Lynchburg,30.75,39.05882352941177,0.0,-39.05882352941177,0,34,34
Duquesne,25.329395604395607,30.292307692307695,17.6,-12.692307692307692,20,26,46
UT Rio Grande Valley,24.092207792207788,42.08571428571428,38.285714285714285,-3.8,7,5,12
Louisiana College,22.833333333333332,63.5,20.0,-43.5,1,4,5
Morehead State,21.66044372294372,25.825757575757578,4.909090909090909,-20.916666666666668,22,24,46
Arkansas-Pine Bluff,21.293636363636367,25.470000000000002,-0.65,-26.12,20,25,45
Houston Christian,21.259063852813856,25.337121212121215,3.0454545454545454,-22.291666666666668,22,24,46
Louisiana Tech,20.244827390737484,23.86622073578595,10.173913043478262,-13.692307692307692,23,26,49
UCF,20.183306180633338,23.650621118012424,15.607142857142858,-8.043478260869565,28,23,51
North American University,20.085526315789473,39.625,-28.0,-67.625,1,8,9
Carleton,19.790279269602575,24.223684210526315,15.75,-8.473684210526315,20,19,39
New Haven,19.694306521019534,23.692982456140353,24.526315789473685,0.8333333333333334,19,24,43
Wagner,19.301373626373625,22.953846153846154,-0.2,-23.153846153846153,20,26,46
Stephen F. Austin,19.028138528138527,22.62121212121212,21.954545454545453,-0.6666666666666666,22,24,46
Youngstown State,18.97823252650077,22.34113712374582,12.384615384615385,-9.956521739130435,26,23,49
Mississippi Valley State,18.682142857142853,22.2,-6.3,-28.5,20,26,46
Post University,18.59611344537815,22.831932773109244,-6.882352941176471,-29.714285714285715,17,21,38
Kent State,18.59064039408867,21.942857142857143,-2.95,-24.892857142857142,20,28,48
Tennessee,18.547065044949765,21.693548387096776,25.193548387096776,3.5,31,20,51
UTSA,18.403225806451612,21.46153846153846,17.346153846153847,-4.115384615384615,26,26,52
UNC Pembroke,18.238747028602102,21.815734989648032,23.38095238095238,1.565217391304348,21,23,44
Grambling,18.184591836734693,21.594285714285714,8.714285714285714,-12.88,21,25,46
Davidson,18.076028138528137,21.46212121212121,10.916666666666666,-10.545454545454545,24,22,46
Austin Peay,18.059115179252483,21.369565217391305,15.5,-5.869565217391305,24,23,47
Howard,17.92998700454841,21.212962962962962,11.25,-9.962962962962964,20,27,47
Eastern Washington,17.79187074829932,21.116190476190475,4.476190476190476,-16.64,21,25,46
Ball State,17.668555582348684,20.82867132867133,1.6363636363636365,-19.192307692307693,22,26,48
Texas Southern,17.662345679012347,21.108333333333334,8.4,-12.708333333333334,20,24,44
Minnesota,17.648711943793913,20.61904761904762,13.0,-7.619047619047619,30,21,51
Montana State,17.637162642045457,20.44034090909091,28.03125,7.590909090909091,32,22,54
Alabama,17.521956763553707,20.41079460269865,26.75862068965517,6.3478260869565215,29,23,52
Langston University,17.307692307692307,66.66666666666667,0.0,-66.66666666666667,0,3,3
Laurinburg,17.285714285714285,54.25,0.0,-54.25,0,4,4
Alfred State,17.17156862745098,20.75,10.0,-10.75,21,20,41
Hawai'i,17.167207792207797,20.100649350649352,2.4642857142857144,-17.636363636363637,28,22,50
UFTL,17.119047619047617,53.666666666666664,0.0,-53.666666666666664,1,3,4
Toledo,16.959774793108128,19.688034188034187,20.11111111111111,0.4230769230769231,27,26,53
UL Monroe,16.898842536773568,19.898601398601397,-2.409090909090909,-22.307692307692307,22,26,48
Central Michigan,16.88148058837714,19.877622377622377,6.454545454545454,-13.423076923076923,22,26,48
Louisville,16.832949308755765,19.589285714285715,18.714285714285715,-0.875,28,24,52
Martin Luther,16.818796992481204,20.398496240601503,1.6842105263157894,-18.714285714285715,19,21,40
Lindenwood,16.725519515374586,19.958592132505174,8.523809523809524,-11.434782608695652,21,23,44
New Mexico State,16.688172043010756,19.416666666666668,7.416666666666667,-12.0,24,28,52
Central Oklahoma,16.666531385281385,19.74621212121212,14.291666666666666,-5.454545454545454,24,22,46
Little Rock,16.571428571428573,51.75,0.0,-51.75,0,4,4
Upper Iowa University,16.462962962962962,19.636363636363637,6.818181818181818,-12.818181818181818,22,22,44
Chattanooga,16.391625615763544,19.285714285714285,13.5,-5.785714285714286,20,28,48
UConn,16.335470085470085,19.102564102564102,9.76923076923077,-9.333333333333334,26,24,50
Utah State,16.327457264957264,19.09294871794872,5.884615384615385,-13.208333333333334,26,24,50
South Carolina State,16.260102040816324,19.25142857142857,12.571428571428571,-6.68,21,25,46
UAB,16.21861581920904,19.018333333333334,4.56,-14.458333333333334,25,24,49
Alabama A&M,16.196428571428573,19.17391304347826,4.739130434782608,-14.434782608695652,23,23,46
St. Xavier IL,16.115384615384617,61.5,4.5,-57.0,2,1,3
Bethune-Cookman,16.028296703296704,18.96923076923077,0.7,-18.26923076923077,20,26,46
Idaho State,16.011326530612244,18.948571428571427,1.4285714285714286,-17.52,21,25,46
Butler,15.954004329004329,18.87878787878788,17.333333333333332,-1.5454545454545454,24,22,46
Florida,15.903804050355776,18.58456486042693,8.96551724137931,-9.619047619047619,29,21,50
North Alabama,15.859557823129252,18.763809523809524,-0.47619047619047616,-19.24,21,25,46
Central Connecticut,15.816614420062693,18.59090909090909,7.090909090909091,-11.5,22,26,48
Hartwick,15.778195488721806,19.097744360902258,-11.473684210526315,-30.571428571428573,19,21,40
Texas College,15.75,82.0,0.0,-82.0,0,2,2
Oregon State,15.681818181818183,18.31818181818182,9.5,-8.818181818181818,28,22,50
Murray State,15.626428571428573,18.48,-12.0,-30.48,21,25,46
Alcorn State,15.543503401360542,18.37904761904762,7.619047619047619,-10.76,21,25,46
Western Oregon,15.542941492216855,18.507246376811594,10.333333333333334,-8.173913043478262,21,23,44
East Tennessee State,15.487283549783552,18.310606060606062,8.727272727272727,-9.583333333333334,22,24,46
Villanova,15.39341740226986,17.92153846153846,15.96,-1.9615384615384615,25,26,51
TCU,15.352138590203106,17.823703703703703,15.703703703703704,-2.12,27,25,52
Eastern Kentucky,15.327586206896552,18.0,6.791666666666667,-11.208333333333334,24,24,48
McNeese,15.32237554112554,18.109848484848484,3.3181818181818183,-14.791666666666666,22,24,46
Lawrence University,15.3,18.5,-30.1,-48.6,20,20,40
UC Davis,15.181754385964911,17.88,17.0,-0.88,22,25,47
Oklahoma State,15.096022406084588,17.565830721003135,1.793103448275862,-15.772727272727273,29,22,51
Presbyterian,15.064123376623376,17.795454545454547,7.545454545454546,-10.25,22,24,46
Delaware,15.033127889060092,17.59090909090909,15.0,-2.590909090909091,27,22,49
Indiana,15.003448275862068,17.555172413793102,17.655172413793103,0.1,29,20,49
Texas A&M,14.972222222222225,17.46666666666667,15.866666666666667,-1.6,30,20,50
App State,14.96316384180791,17.506666666666668,9.84,-7.666666666666667,25,24,49
Georgia Southern,14.603597449908925,16.97685185185185,7.791666666666667,-9.185185185185185,24,27,51
Stetson,14.540247252747253,17.157692307692308,-5.1923076923076925,-22.35,26,20,46
Southern,14.511574632264287,17.013986013986013,5.923076923076923,-11.090909090909092,26,22,48
Adrian,14.47843137254902,17.4,16.0,-1.4,21,20,41
Mercer,14.45,16.84,17.56,0.72,25,25,50
Tarleton State,14.39655172413793,16.875,19.625,2.75,24,24,48
Stonehill,14.346153846153847,17.166666666666668,2.1666666666666665,-15.0,18,24,42
Indiana State,14.303571428571429,16.869565217391305,-7.304347826086956,-24.17391304347826,23,23,46
USC,14.269634805014618,16.533026113671276,16.580645161290324,0.047619047619047616,31,21,52
Portland State,14.157967032967035,16.692307692307693,-2.5,-19.192307692307693,20,26,46
Morgan State,14.11512445887446,16.640151515151516,5.681818181818182,-10.958333333333334,22,24,46
Concordia-Wisconsin,14.1,17.0,16.4,-0.6,20,20,40
Western Connecticut St,14.091979949874688,16.98997493734336,21.894736842105264,4.904761904761905,19,21,40
Akron,14.044608648056924,16.44973544973545,-0.8095238095238095,-17.25925925925926,21,27,48
Furman,13.888888888888888,16.166666666666664,9.666666666666666,-6.5,24,26,50
North Dakota,13.879350282485877,16.201666666666668,13.16,-3.0416666666666665,25,24,49
Mary Hardin-Baylor,13.869353741496598,16.34095238095238,23.38095238095238,7.04,21,25,46
Texas Tech,13.704381680127678,15.859070464767617,17.20689655172414,1.3478260869565217,29,23,52
Drake,13.587296946068877,15.946296296296296,7.65,-8.296296296296296,20,27,47
SMU,13.510808121919231,15.588319088319086,20.884615384615383,5.296296296296297,26,27,53
LSU,13.479882067291017,15.591397849462366,16.258064516129032,0.6666666666666666,31,21,52
UMass Dartmouth,13.4736013986014,16.086363636363636,28.95,12.863636363636363,20,22,42
Abilene Christian,13.469982308965358,15.708754208754208,11.227272727272727,-4.481481481481482,22,27,49
Nicholls,13.448343079922028,15.777777777777779,3.0,-12.777777777777779,20,27,47
North Carolina Central,13.430685805422648,15.756363636363638,20.636363636363637,4.88,22,25,47
Kentucky,13.385416666666666,15.5625,5.5625,-10.0,32,18,50
Washington,13.338860544217686,15.383928571428571,15.8125,0.42857142857142855,32,21,53
Florida A&M,13.333855799373039,15.59090909090909,9.0,-6.590909090909091,26,22,48
Southern Utah,13.30608843537415,15.655238095238095,12.095238095238095,-3.56,21,25,46
Cal Poly,13.170454545454545,15.541666666666668,-5.0,-20.541666666666668,21,24,45
Valley City State,13.119047619047619,39.666666666666664,27.0,-12.666666666666666,1,3,4
Union (NY),13.057845084409138,15.513157894736842,19.263157894736842,3.75,19,24,43
Fresno State,13.00126642771804,15.02074074074074,13.74074074074074,-1.28,27,25,52
BLUEFIELD,12.916666666666666,65.0,-8.0,-73.0,1,1,2
Western Michigan,12.914687375999092,15.040133779264213,5.3478260869565215,-9.692307692307692,23,26,49
Thomas More College,12.872790404040403,15.92361111111111,1.3125,-14.61111111111111,16,18,34
NC State,12.86856160761502,14.901612903225807,8.451612903225806,-6.45,31,20,51
Utah Tech,12.852346938775511,15.102857142857143,-5.857142857142857,-20.96,21,25,46
Dayton,12.833333333333334,15.181818181818182,12.5,-2.6818181818181817,22,22,44
Rice,12.822732152442297,14.887278582930758,1.1481481481481481,-13.73913043478261,27,23,50
Fordham,12.776478232618583,14.962962962962964,6.0,-8.962962962962964,20,27,47
Virginia Union,12.695949644225506,14.82010582010582,31.19047619047619,16.37037037037037,21,27,48
Arkansas State,12.686965811965813,14.724358974358974,2.9166666666666665,-11.807692307692308,24,26,50
Florida State,12.579540552200173,14.555921052631579,13.1875,-1.368421052631579,32,19,51
Incarnate Word,12.575233291298865,14.55076923076923,20.32,5.769230769230769,25,26,51
Syracuse,12.54447103146319,14.513975155279503,5.035714285714286,-9.478260869565217,28,23,51
St. Norbert,12.54,15.05,19.1,4.05,20,20,40
Ole Miss,12.488286620835536,14.446774193548388,21.096774193548388,6.65,31,20,51
Mercyhurst,12.452337136547664,14.663967611336034,0.8947368421052632,-13.76923076923077,19,26,45
Carroll University (WI),12.43984962406015,14.924812030075188,8.210526315789474,-6.714285714285714,19,21,40
BYU,12.418310214375788,14.363076923076923,12.44,-1.9230769230769231,25,26,51
Stony Brook,12.400703463203461,14.553030303030303,0.13636363636363635,-14.416666666666666,22,24,46
UT Martin,12.398193760262725,14.460317460317459,12.238095238095237,-2.2222222222222223,21,27,48
VMI,12.388257575757576,14.537878787878787,-10.545454545454545,-25.083333333333332,22,24,46
Southern Miss,12.38693951590046,14.404682274247492,-0.7692307692307693,-15.173913043478262,26,23,49
Carson-Newman College,12.383214477417377,14.629399585921325,14.238095238095237,-0.391304347826087,21,23,44
Kansas,12.377136752136751,14.352564102564102,10.26923076923077,-4.083333333333333,26,24,50
Sacred Heart,12.337585339561622,14.523715415019762,4.045454545454546,-10.478260869565217,22,23,45
Southwestern Assemblies Of God,12.307692307692308,45.0,2.0,-43.0,1,2,3
Texas State,12.256944444444446,14.208333333333334,11.0,-3.2083333333333335,26,24,50
Rutgers,12.247047772410092,14.196457326892109,4.37037037037037,-9.826086956521738,27,23,50
Robert Morris,12.23214285714286,14.347826086956523,-2.4347826086956523,-16.782608695652176,23,23,46
Winona State,12.19205892921308,14.345849802371541,7.954545454545454,-6.391304347826087,22,23,45
Western Kentucky,12.18064677978471,14.007183908045976,13.041666666666666,-0.9655172413793104,24,29,53
Wyoming,12.11285560923242,14.035426731078905,3.2962962962962963,-10.73913043478261,27,23,50
UAlbany,12.031926406926406,13.938311688311687,3.5454545454545454,-10.392857142857142,22,28,50
SE Louisiana,12.01890482398957,13.961538461538462,12.0,-1.9615384615384615,23,26,49
Brockport,11.936507936507935,14.238095238095237,27.0,12.761904761904763,20,21,41
Macalester,11.91906552094522,14.334210526315788,-5.315789473684211,-19.65,19,20,39
Minnesota Morris,11.869375769631523,14.154589371980675,6.111111111111111,-8.043478260869565,18,23,41
Western Carolina,11.846292517006802,13.878095238095238,12.238095238095237,-1.64,21,25,46
Illinois College,11.831232492997199,14.107142857142858,27.857142857142858,13.75,21,20,41
Livingstone,11.79423558897243,14.117794486215539,-0.6190476190476191,-14.736842105263158,21,19,40
Montana,11.78125,13.5,18.5,5.0,32,22,54
Winston-Salem,11.767519181585678,14.084398976982097,9.823529411764707,-4.260869565217392,17,23,40
Allen,11.735481752509616,13.988038277511961,5.409090909090909,-8.578947368421053,22,19,41
Tuskegee,11.688538011695906,13.776842105263157,4.7368421052631575,-9.04,19,25,44
San Diego State,11.61601894652742,13.476430976430976,5.703703703703703,-7.7727272727272725,27,22,49
Nebraska,11.546814728229107,13.393103448275863,6.793103448275862,-6.6,29,20,49
Mississippi State,11.521040327293981,13.362068965517242,4.862068965517241,-8.5,29,20,49
Auburn,11.411210228962236,13.22982456140351,7.966666666666667,-5.2631578947368425,30,19,49
Missouri,11.38457182916307,13.126644736842104,12.96875,-0.15789473684210525,32,19,51
Elon,11.36781055202108,13.254578754578755,9.523809523809524,-3.730769230769231,21,26,47
Temple,11.354593682179889,13.1993006993007,-3.8461538461538463,-17.045454545454547,26,22,48
Fort Hays State,11.351851851851851,13.363636363636363,10.045454545454545,-3.3181818181818183,22,22,44
St. Thomas (MN),11.339285714285714,13.26086956521739,12.91304347826087,-0.34782608695652173,23,23,46
Ohio State,11.28600543478261,12.913043478260871,29.0,16.08695652173913,31,23,54
Northern State,11.277777777777779,13.272727272727273,8.636363636363637,-4.636363636363637,22,22,44
Ohio,11.170352281463392,12.806267806267806,13.76923076923077,0.9629629629629629,26,27,53
Long Island University,11.169834307992202,13.05458089668616,0.6842105263157895,-12.37037037037037,19,27,46
West Texas A&M,11.168136894551989,13.183982683982684,7.0476190476190474,-6.136363636363637,21,22,43
Shorter,11.145307522666013,13.155844155844155,-1.2727272727272727,-14.428571428571429,22,21,43
South Dakota,11.118208616780045,12.744285714285713,10.464285714285714,-2.28,28,25,53
James Madison,11.116452991452991,12.83974358974359,22.423076923076923,9.583333333333334,26,24,50
South Carolina,11.097222222222223,12.816666666666666,9.266666666666667,-3.55,30,20,50
Valparaiso,11.07993620414673,12.905454545454544,-3.4545454545454546,-16.36,22,25,47
Pittsburgh,11.055421363392378,12.766505636070853,9.592592592592593,-3.1739130434782608,27,23,50
Washington State,11.049679487179487,12.759615384615385,9.884615384615385,-2.875,26,24,50
Oberlin,11.02,13.149999999999999,-36.95,-50.1,20,20,40
Boise State,10.972820512820512,12.513333333333332,15.633333333333333,3.12,30,25,55
North Texas,10.920023894862604,12.539259259259259,11.28,-1.2592592592592593,25,27,52
Simon Fraser,10.907894736842104,20.25,-14.0,-34.25,5,4,9
Kennesaw State,10.858066834351419,12.715415019762846,3.260869565217391,-9.454545454545455,23,22,45
Sul Ross State,10.857677370465094,12.896135265700483,-15.277777777777779,-28.17391304347826,18,23,41
Grinnell,10.838888888888889,13.033333333333333,-13.666666666666666,-26.7,18,20,38
Charleston Southern,10.804545454545455,12.65,-4.15,-16.8,20,25,45
Roosevelt,10.776832844574779,14.718181818181817,-13.181818181818182,-27.9,11,10,21
Western Illinois,10.761675824175823,12.557692307692307,-13.25,-25.807692307692307,20,26,46
Alfred University,10.72155388471178,12.776942355889723,-0.38095238095238093,-13.157894736842104,21,19,40
William & Mary,10.685907046476762,12.391304347826088,12.391304347826088,-0.0,23,25,48
Utica,10.64130523564486,12.534632034632036,15.772727272727273,3.238095238095238,22,21,43
East Texas Baptist University,10.585519922254617,12.65873015873016,4.380952380952381,-8.277777777777779,21,18,39
Northern Iowa,10.552489177489177,12.303030303030303,2.1363636363636362,-10.166666666666666,22,24,46
Colorado,10.54537724618786,12.187290969899667,-2.769230769230769,-14.956521739130435,26,23,49
Georgia,10.505279034690798,11.960784313725489,24.294117647058822,12.333333333333334,34,21,55
Eastern Illinois,10.391190476190475,12.106666666666666,-1.3333333333333333,-13.44,21,25,46
UVA Wise,10.376133300661602,12.207792207792208,-9.428571428571429,-21.636363636363637,21,22,43
North Dakota State,10.338447398190045,11.689903846153847,25.34375,13.653846153846153,32,26,58
Tennessee Tech,10.300470378845665,11.96014492753623,8.043478260869565,-3.9166666666666665,23,24,47
South Dakota State,10.21983117571353,11.550836550836552,24.027027027027028,12.476190476190476,37,21,58
University of Rochester (NY),10.180200501253132,12.100250626566416,4.0476190476190474,-8.052631578947368,21,19,40
Monmouth (IL),10.173622782446314,12.045238095238098,35.95,23.904761904761905,20,21,41
Franklin,10.139999999999999,12.049999999999999,1.7,-10.35,20,20,40
Anna Maria College,10.06521739130435,12.166666666666668,10.277777777777779,-1.8888888888888888,18,18,36
Southeast Missouri State,9.997468049192188,11.55944055944056,9.136363636363637,-2.423076923076923,22,26,48
John Carroll University,9.992753623188404,11.695652173913043,29.0,17.304347826086957,21,23,44
Colorado State,9.98296524567711,11.51010101010101,-2.4444444444444446,-13.954545454545455,27,22,49
Delaware State,9.982142857142858,11.608695652173914,-2.9565217391304346,-14.565217391304348,23,23,46
Northeastern State,9.972229028832801,11.709956709956709,-5.380952380952381,-17.09090909090909,21,22,43
Northern Arizona,9.970888760362445,11.56043956043956,6.714285714285714,-4.846153846153846,21,26,47
Warner University,9.962499999999999,22.4,-22.0,-44.4,1,5,6
California,9.917200854700855,11.400641025641026,4.1923076923076925,-7.208333333333333,26,24,50
Florida Memorial University,9.833333333333334,19.0,5.0,-14.0,3,5,8
Texas,9.819920568561873,11.150815217391305,19.28125,8.130434782608695,32,23,55
Cincinnati,9.79700964446727,11.286195286195285,7.7407407407407405,-3.5454545454545454,27,22,49
Ferris State,9.796129908835905,11.14726507713885,32.45161290322581,21.304347826086957,31,23,54
West Florida,9.770524737631185,11.285217391304347,21.72,10.434782608695652,25,23,48
Hendrix College,9.76240409207161,11.578005115089514,-0.30434782608695654,-11.882352941176471,23,17,40
Kings College (PA),9.705465587044534,11.421052631578947,13.421052631578947,2.0,19,23,42
Oklahoma Baptist,9.685185185185185,11.318181818181817,-10.772727272727273,-22.09090909090909,22,22,44
Biddeford,9.68295739348371,11.478696741854638,9.952380952380953,-1.5263157894736843,21,19,40
Central Missouri,9.63771645021645,11.18939393939394,13.272727272727273,2.0833333333333335,22,24,46
San Diego,9.63564498742364,11.221343873517785,10.130434782608695,-1.0909090909090908,23,22,45
Northwestern Oklahoma State,9.611111111111112,11.22727272727273,-20.863636363636363,-32.09090909090909,22,22,44
Bridgewater State,9.478446115288222,11.223057644110277,11.380952380952381,0.15789473684210525,21,19,40
Moravian,9.478446115288222,11.223057644110277,-3.1578947368421053,-14.380952380952381,19,21,40
Lafayette,9.47578947368421,10.96,7.0,-3.96,22,25,47
Lamar,9.452008644800408,10.931159420289855,2.347826086956522,-8.583333333333334,23,24,47
Colgate,9.428434065934068,10.934615384615386,-1.95,-12.884615384615385,20,26,46
Southern Oregon,9.423076923076923,32.5,42.0,9.5,1,2,3
Yale,9.414890593918727,11.101449275362318,14.434782608695652,3.3333333333333335,23,18,41
Iowa,9.412753300768971,10.742128935532234,11.655172413793103,0.9130434782608695,29,23,52
Randolph-Macon,9.411214689265538,10.821666666666669,29.541666666666668,18.72,24,25,49
Bluefield State,9.39189814814815,11.205555555555557,-15.85,-27.055555555555557,20,18,38
Utah,9.375031525851199,10.723076923076924,16.923076923076923,6.2,26,25,51
Kansas State,9.336754643206255,10.651515151515152,13.833333333333334,3.1818181818181817,30,22,52
Westminster (PA),9.310364145658264,10.971428571428573,20.571428571428573,9.6,21,20,41
Massachusetts,9.278290854572713,10.690434782608694,-12.869565217391305,-23.56,23,25,48
Taylor,9.23076923076923,31.666666666666668,0.0,-31.666666666666668,0,3,3
Coe College,9.229012345679012,10.758333333333333,27.8,17.041666666666668,20,24,44
Jackson State,9.219063545150503,10.590301003344484,21.782608695652176,11.192307692307692,23,26,49
Louisiana,9.209677419354838,10.5,8.115384615384615,-2.3846153846153846,26,26,52
University of Rio Grande,9.181818181818182,76.0,0.0,-76.0,0,1,1
Merrimack,9.157467532467532,10.636904761904761,7.095238095238095,-3.5416666666666665,21,24,45
La Verne,9.150107411385607,10.855263157894736,-12.894736842105264,-23.75,19,20,39
West Virginia,9.149892646269457,10.47987117552335,2.740740740740741,-7.739130434782608,27,23,50
West Georgia,9.134615384615383,10.714285714285714,10.666666666666666,-0.047619047619047616,21,21,42
Marshall,9.06890290037831,10.356923076923076,8.28,-2.076923076923077,25,26,51
Richmond,9.044464060529634,10.327692307692308,11.52,1.1923076923076923,25,26,51
Marietta,9.020000000000003,10.650000000000002,16.85,6.2,20,20,40
Illinois,9.0,10.299999999999999,9.1,-1.2,30,20,50
Capital,8.98,10.600000000000001,-16.0,-26.6,20,20,40
Rhodes College,8.94,10.55,-1.85,-12.4,20,20,40
Dartmouth,8.94,10.549999999999999,8.95,-1.6,20,20,40
East Carolina,8.926282051282051,10.211538461538462,9.461538461538462,-0.75,26,24,50
St John Fisher University,8.896918767507003,10.457142857142857,3.857142857142857,-6.6,21,20,41
Catawba,8.896211946936583,10.349896480331262,1.5238095238095237,-8.826086956521738,21,23,44
Central Arkansas,8.890714285714287,10.280000000000001,6.0,-4.28,21,25,46
Depauw,8.873503401360546,10.259047619047621,32.61904761904762,22.36,21,25,46
South Florida,8.87019230769231,10.14423076923077,7.375,-2.769230769230769,24,26,50
Husson,8.86,10.45,7.5,-2.95,20,20,40
Madonna University (Mich.),8.846153846153847,30.0,0.0,-30.0,0,3,3
New Mexico,8.793253373313345,10.104347826086958,0.30434782608695654,-9.8,23,25,48
UTEP,8.771664167916041,10.078260869565216,-2.5217391304347827,-12.6,23,25,48
Indianapolis,8.768165869218501,10.101818181818183,25.181818181818183,15.08,22,25,47
Bethany (WV),8.745864661654133,10.347368421052629,-22.05263157894737,-32.4,19,20,39
Iowa State,8.720173041894354,9.939814814814815,9.481481481481481,-0.4583333333333333,27,24,51
Wisconsin-Eau Claire,8.658395989974936,10.19799498746867,-14.380952380952381,-24.57894736842105,21,19,40
San Jos√© State,8.639069264069263,9.866883116883116,4.821428571428571,-5.045454545454546,28,22,50
Faulkner University,8.636363636363637,70.0,0.0,-70.0,0,1,1
Army,8.630011689070718,9.88103448275862,9.931034482758621,0.05,29,20,49
Samford,8.629175412293852,9.906086956521738,1.826086956521739,-8.08,23,25,48
Jacksonville State,8.629003783102146,9.830769230769231,13.6,3.769230769230769,25,26,51
Boston College,8.60930735930736,9.831168831168831,-0.21428571428571427,-10.045454545454545,28,22,50
Ripon,8.580000000000002,10.100000000000001,7.65,-2.45,20,20,40
Ave Maria University,8.571428571428571,23.75,0.0,-23.75,0,4,4
Castleton,8.567830290010743,10.123684210526317,-5.526315789473684,-15.65,19,20,39
St. Olaf,8.563641245972073,10.118421052631579,3.3684210526315788,-6.75,19,20,39
Assumption,8.557692307692308,10.0,9.0,-1.0,18,24,42
Middle Tennessee,8.555212289552747,9.790969899665553,-1.4782608695652173,-11.26923076923077,23,26,49
Maryland,8.533798576902026,9.74055829228243,4.931034482758621,-4.809523809523809,29,21,50
Southern Illinois,8.527489751627682,9.783216783216783,8.590909090909092,-1.1923076923076923,22,26,48
Wisconsin-Whitewater,8.510240747394898,9.845849802371541,19.391304347826086,9.545454545454545,23,22,45
Concordia-Michigan,8.5,28.5,24.0,-4.5,1,2,3
Tennessee State,8.453152111046847,9.719780219780219,-0.4230769230769231,-10.142857142857142,26,21,47
Loras College,8.351629072681705,9.814536340852131,-1.9473684210526316,-11.761904761904763,19,21,40
Notre Dame,8.348856065918653,9.431977559607294,23.258064516129032,13.826086956521738,31,23,54
Notre Dame College,8.329201101928374,10.863636363636363,17.363636363636363,6.5,11,12,23
Kutztown University,8.319402628434887,9.438518518518519,21.51851851851852,12.08,27,25,52
Waldorf College,8.272727272727273,66.0,0.0,-66.0,0,1,1
Rhode Island,8.23023071254464,9.399665551839465,10.130434782608695,0.7307692307692307,23,26,49
Stanford,8.221859070464768,9.413913043478262,-7.76,-17.17391304347826,25,23,48
Wisconsin-Stevens Pt,8.219999999999999,9.649999999999999,-22.3,-31.95,20,20,40
Finlandia University,8.208333333333332,13.916666666666664,-26.25,-40.166666666666664,4,6,10
Cumberland (TN),8.181818181818182,65.0,0.0,-65.0,0,1,1
Wilson,8.169120466221916,9.457556935817806,-1.2380952380952381,-10.695652173913043,21,23,44
Missouri State,8.164727891156463,9.396190476190476,5.476190476190476,-3.92,21,25,46
Chapman,8.159928122192273,9.476190476190476,13.476190476190476,4.0,21,22,43
Brown,8.14,9.55,-1.25,-10.8,20,20,40
Wooster,8.1,9.5,0.4,-9.1,20,20,40
Prairie View A&M,8.06429570302568,9.248188405797102,4.956521739130435,-4.291666666666667,23,24,47
Troy,8.052141274363496,9.099715099715098,9.407407407407407,0.3076923076923077,27,26,53
Northwestern,8.018585622443016,9.144827586206898,-1.6551724137931034,-10.8,29,20,49
Lakeland,7.957725947521866,9.357142857142858,-1.1428571428571428,-10.5,21,18,39
Minnesota State Mankato,7.939244663382594,8.96551724137931,15.0,6.0344827586206895,24,29,53
Monmouth,7.910849567099566,9.087121212121211,11.045454545454545,1.9583333333333333,22,24,46
Williams,7.898692810457517,9.441176470588236,5.5,-3.9411764705882355,18,17,35
West Virginia State,7.891358024691358,9.116666666666667,4.95,-4.166666666666667,20,24,44
Quincy,7.888228055783428,9.141304347826086,6.391304347826087,-2.75,23,20,43
Wisconsin-Platteville,7.88583916083916,9.168181818181816,16.318181818181817,7.15,22,20,42
Vanderbilt,7.880128973349312,8.978114478114477,3.2962962962962963,-5.681818181818182,27,22,49
Lycoming,7.872875816993464,9.183333333333334,0.3333333333333333,-8.85,21,20,41
Carnegie Mellon,7.808441558441557,8.988095238095237,23.083333333333332,14.095238095238095,24,21,45
Ferrum,7.7905695611577945,9.080952380952379,-9.3,-18.38095238095238,20,21,41
McDaniel College,7.780000000000001,9.100000000000001,-20.15,-29.25,20,20,40
Wofford,7.737585034013605,8.876190476190477,-1.5238095238095237,-10.4,21,25,46
Weber State,7.592838196286472,8.653846153846153,5.0,-3.6538461538461537,22,26,48
Belhaven,7.564705882352942,8.8,13.0,4.2,21,20,41
Huntingdon College (AL),7.551307189542482,8.783333333333331,14.45,5.666666666666667,20,21,41
Oklahoma,7.541291947170975,8.529780564263323,12.620689655172415,4.090909090909091,29,22,51
Westminster College (MO),7.495435016111708,8.776315789473685,-12.473684210526315,-21.25,19,20,39
Simpson University (Ca),7.461538461538462,24.0,0.0,-24.0,0,3,3
Gallaudet,7.4411764705882355,8.852941176470589,-8.647058823529411,-17.5,17,18,35
St. Anselm,7.38,8.6,5.5,-3.1,20,20,40
Tufts,7.3695652173913055,8.722222222222223,11.833333333333334,3.111111111111111,18,18,36
North Carolina A&T,7.366341991341991,8.424242424242424,-10.409090909090908,-18.833333333333332,22,24,46
Coastal Carolina,7.360756620428751,8.313846153846153,1.16,-7.153846153846154,25,26,51
Wake Forest,7.3432346059464715,8.331649831649832,3.740740740740741,-4.590909090909091,27,22,49
Miami,7.291666666666667,8.25,14.5,6.25,30,20,50
Shepherd,7.2830621846834065,8.259197324414714,13.91304347826087,5.653846153846154,23,26,49
Minnesota Duluth,7.279734099892202,8.34189723320158,20.863636363636363,12.521739130434783,22,23,45
Apprentice School,7.261038961038962,11.22857142857143,1.8,-9.428571428571429,5,7,12
Oregon,7.236714975845411,8.130434782608695,23.0,14.869565217391305,30,23,53
Edward Waters,7.170401493930906,8.30952380952381,2.8095238095238093,-5.5,21,20,41
Idaho,7.158079625292739,8.071428571428571,10.0,1.9285714285714286,23,28,51
Florida International,7.155172413793103,8.125,-3.0,-11.125,24,24,48
Nichols College,7.140601503759398,8.300751879699247,-8.842105263157896,-17.142857142857142,19,21,40
Wilkes,7.124463118580767,8.252380952380953,12.3,4.0476190476190474,20,21,41
Baylor,7.118223295759528,8.041867954911433,4.2592592592592595,-3.782608695652174,27,23,50
Central Washington,7.105328135152695,8.085185185185184,16.9,8.814814814814815,20,27,47
Claremont-Mudd-Scripps College,7.04178814382896,8.206349206349206,15.11111111111111,6.904761904761905,18,21,39
Keiser University,7.0375000000000005,14.600000000000001,-3.0,-17.6,1,5,6
Millikin,7.019999999999999,8.149999999999999,-23.9,-32.05,20,20,40
Tulsa,6.982758620689655,7.916666666666667,-5.083333333333333,-13.0,24,24,48
Air Force,6.975979602791197,7.871175523349436,8.74074074074074,0.8695652173913043,27,23,50
Emporia State University,6.944444444444445,7.954545454545454,9.863636363636363,1.9090909090909092,22,22,44
ERSKINE,6.87508275405495,7.892543859649123,-18.31578947368421,-26.208333333333332,19,24,43
North Greenville,6.87037037037037,7.863636363636364,0.7272727272727273,-7.136363636363637,22,22,44
Duke,6.846766848816029,7.699074074074074,10.074074074074074,2.375,27,24,51
Bemidji State,6.836419753086419,7.703703703703703,13.0,5.296296296296297,23,27,50
Texas Wesleyan,6.833333333333333,28.5,0.0,-28.5,0,2,2
NEWBERG,6.799749373433584,7.87468671679198,4.190476190476191,-3.6842105263157894,21,19,40
Elmhurst,6.7977443609022545,7.872180451127818,-26.285714285714285,-34.1578947368421,21,19,40
Mississippi College,6.753048780487805,8.125,-5.0,-13.125,15,16,31
Lincoln (MO),6.737037037037039,7.700000000000003,-28.0,-35.7,24,20,44
Columbus State,6.7272727272727275,49.0,0.0,-49.0,0,1,1
Southeastern Oklahoma State,6.722222222222222,7.681818181818182,3.409090909090909,-4.2727272727272725,22,22,44
Virginia Tech,6.713446327683616,7.573333333333333,3.24,-4.333333333333333,25,24,49
Southern Arkansas,6.709876543209877,7.666666666666666,15.666666666666666,8.0,21,23,44
Albright,6.699999999999999,7.749999999999998,-13.15,-20.9,20,20,40
Luther,6.6734335839599,7.716791979949875,-26.80952380952381,-34.526315789473685,21,19,40
Harding University,6.640437751548863,7.421652421652421,36.03703703703704,28.615384615384617,27,26,53
Michigan State,6.637931034482759,7.5,-3.75,-11.25,28,20,48
Union College,6.636363636363637,48.0,0.0,-48.0,0,1,1
Wisconsin,6.628787878787879,7.454545454545455,3.5,-3.9545454545454546,28,22,50
Maine,6.600824175824175,7.4923076923076914,-1.7,-9.192307692307692,20,26,46
Tulane,6.589743589743589,7.333333333333333,13.533333333333333,6.2,30,25,55
Point University,6.5874999999999995,13.399999999999999,-22.0,-35.4,1,5,6
Navy,6.513433283358322,7.349565217391305,5.48,-1.8695652173913044,25,23,48
Saint Vincent,6.513032581453635,7.516290726817044,-11.904761904761905,-19.42105263157895,21,19,40
College Of New Jersey,6.498997493734337,7.49874686716792,3.736842105263158,-3.761904761904762,19,21,40
Henderson State,6.463169241825368,7.3438735177865615,14.434782608695652,7.090909090909091,23,22,45
East Central (OK),6.462962962962963,7.363636363636363,2.1818181818181817,-5.181818181818182,22,22,44
Missouri S&T,6.45123744180348,7.370129870129871,2.142857142857143,-5.2272727272727275,21,22,43
The Citadel,6.44534632034632,7.303030303030303,-5.863636363636363,-13.166666666666666,22,24,46
Penn State,6.4163963884993,7.1416549789621335,19.967741935483872,12.826086956521738,31,23,54
Wisconsin-Lacrosse,6.392451298701298,7.238636363636363,17.863636363636363,10.625,22,24,46
Old Dominion,6.335564971751412,7.118333333333334,4.16,-2.9583333333333335,25,24,49
East Texas A&M,6.316904761904763,7.146666666666667,-4.333333333333333,-11.48,21,25,46
Curry College,6.2555176660036,7.171497584541063,1.7826086956521738,-5.388888888888889,23,18,41
Eastern University,6.208028455284553,7.404166666666667,3.466666666666667,-3.9375,15,16,31
LYONCOLL,6.199561403508772,7.520833333333334,-13.916666666666666,-21.4375,12,16,28
Reinhardt University,6.181818181818182,43.0,0.0,-43.0,0,1,1
Dean College,6.163657407407409,7.12777777777778,-25.72222222222222,-32.85,18,20,38
St. Augustine's,6.147126436781608,8.066666666666666,-22.333333333333332,-30.4,9,10,19
Puget Sound,6.145833333333333,7.105263157894736,-19.0,-26.105263157894736,19,19,38
UNLV,6.12872518428074,6.813390313390313,9.851851851851851,3.0384615384615383,27,26,53
Arizona,6.126833304799406,6.867003367003367,6.185185185185185,-0.6818181818181818,27,22,49
McKendree,6.122476001324065,6.964912280701755,-5.368421052631579,-12.333333333333334,19,24,43
Illinois Wesleyan,6.1,7.0,0.0,-7.0,21,19,40
Lehigh,6.093163418290854,6.841739130434782,4.521739130434782,-2.32,23,25,48
Eastern Oregon,6.071428571428571,15.0,-4.0,-19.0,2,2,4
Washington University (St. Louis),6.021942110177405,6.880952380952381,21.5,14.619047619047619,20,21,41
Hanover College,6.019230769230768,6.857142857142856,19.428571428571427,12.571428571428571,21,21,42
Campbell,6.007108843537416,6.76952380952381,-2.1904761904761907,-8.96,21,25,46
Davenport,6.001674426202728,6.816017316017316,7.863636363636363,1.0476190476190477,22,21,43
Central Methodist,6.0,41.0,0.0,-41.0,0,1,1
Northwest Missouri St,5.994641148325359,6.738181818181818,14.818181818181818,8.08,22,25,47
Anderson (Sc),5.983333333333333,7.566666666666667,1.6666666666666667,-5.9,12,10,22
North Park,5.980000000000001,6.850000000000001,-8.7,-15.55,20,20,40
St. Francis (PA),5.979352916134525,6.7701149425287355,2.6666666666666665,-4.103448275862069,15,29,44
Purdue,5.9480676328502415,6.63768115942029,-7.666666666666667,-14.304347826086957,27,23,50
Springfield,5.911814092953525,6.6226086956521755,22.84,16.217391304347824,25,23,48
Glenville State,5.881910331384016,6.650526315789474,6.2105263157894735,-0.44,19,25,44
Lincoln (PA),5.866666666666665,6.708333333333332,-14.5,-21.208333333333332,16,24,40
Georgia Tech,5.848765432098767,6.518518518518519,3.5185185185185186,-3.0,27,23,50
Nevada,5.844180790960452,6.526666666666666,-7.64,-14.166666666666666,25,24,49
Concord University,5.834330189402653,6.592132505175983,-6.190476190476191,-12.782608695652174,21,23,44
Chowan,5.825313283208021,6.6566416040100265,-9.238095238095237,-15.894736842105264,21,19,40
Trinity International (IL),5.818181818181818,39.0,0.0,-39.0,0,1,1
Northwestern (MN),5.811538461538461,6.6,-0.9,-7.5,20,22,42
University Of Charleston (WV),5.799744816586921,6.501818181818182,19.32,12.818181818181818,25,22,47
Minnesota State Moorhead,5.765163714439076,6.507246376811594,6.333333333333333,-0.17391304347826086,21,23,44
Ursinus,5.745454545454543,6.518181818181816,18.818181818181817,12.3,22,20,42
Pacific Lutheran,5.736363636363636,6.545454545454545,9.545454545454545,3.0,22,18,40
Bethel (MN),5.729337712096332,6.402116402116402,28.80952380952381,22.40740740740741,21,27,48
Madonna University,5.7272727272727275,38.0,0.0,-38.0,0,1,1
Northwood (MI),5.674092705713259,6.379446640316205,3.652173913043478,-2.727272727272727,23,22,45
Lenoir-Rhyne,5.670405982905984,6.304487179487181,15.846153846153847,9.541666666666666,26,24,50
Framingham State,5.66,6.45,-0.25,-6.7,20,20,40
Wisconsin-Lutheran,5.66,6.45,0.0,-6.45,20,20,40
Southwestern Oklahoma State,5.648148148148148,6.363636363636363,-6.636363636363637,-13.0,22,22,44
Bucknell,5.602137445887446,6.276515151515152,-4.681818181818182,-10.958333333333334,22,24,46
Arkansas-Monticello,5.574074074074074,6.272727272727273,-11.5,-17.772727272727273,22,22,44
McMurry,5.56265664160401,6.328320802005013,8.380952380952381,2.0526315789473686,21,19,40
Clemson,5.543559569421639,6.117816091954023,13.03448275862069,6.916666666666667,29,24,53
Minot State,5.537420443217544,6.227743271221531,-8.380952380952381,-14.608695652173912,21,23,44
Slippery Rock,5.520126103404792,6.1123076923076916,15.92,9.807692307692308,25,26,51
Centre College Kentucky,5.480252100840336,6.207142857142857,7.35,1.1428571428571428,20,21,41
Alderson-Broaddus,5.479166666666667,6.833333333333334,-10.666666666666666,-17.5,12,10,22
Rockford,5.470426065162906,6.213032581453632,-16.263157894736842,-22.476190476190474,19,21,40
Salve Regina,5.42,6.1499999999999995,9.45,3.3,20,20,40
Iowa Wesleyan,5.416666666666667,20.0,55.0,35.0,1,1,2
Emory & Henry College,5.397400506096158,6.0559006211180115,13.142857142857142,7.086956521739131,21,23,44
Pace,5.369234360410831,6.069047619047618,-5.380952380952381,-11.45,21,20,41
Dubuque,5.352130325814537,6.065162907268171,7.380952380952381,1.3157894736842106,21,19,40
Marist,5.339381961911607,5.970355731225297,-6.681818181818182,-12.652173913043478,22,23,45
Wheaton,5.315882034632035,5.9280303030303045,27.636363636363637,21.708333333333332,22,24,46
SUNY Maritime,5.315639589169001,6.002380952380952,-0.047619047619047616,-6.05,21,20,41
Coast Guard,5.3,6.0,4.3,-1.7,20,20,40
Lake Erie,5.270876466528642,5.900621118012424,-16.956521739130434,-22.857142857142858,23,21,44
South Alabama,5.265447667087011,5.8076923076923075,10.0,4.1923076923076925,25,26,51
Crown College,5.26,5.949999999999999,-11.75,-17.7,20,20,40
Ithaca College,5.258533956162415,5.871541501976285,18.045454545454547,12.173913043478262,22,23,45
Willamette,5.229824561403507,5.9122807017543835,-24.42105263157895,-30.333333333333332,19,21,40
Dakota State University,5.214285714285714,12.0,2.5,-9.5,2,2,4
Northern Colorado,5.213873626373626,5.803846153846154,-14.35,-20.153846153846153,20,26,46
Dickinson (PA),5.198879551820728,5.857142857142857,1.0,-4.857142857142857,20,21,41
Ohio Wesleyan,5.18,5.85,7.55,1.7,20,20,40
Augsburg,5.179699248120301,5.849624060150376,2.4285714285714284,-3.4210526315789473,21,19,40
Walsh,5.156987666421628,5.774891774891774,-2.272727272727273,-8.047619047619047,22,21,43
Florida Atlantic,5.155172413793103,5.708333333333334,0.4166666666666667,-5.291666666666667,24,24,48
Middlebury,5.152173913043478,5.888888888888888,9.11111111111111,3.2222222222222223,18,18,36
Buffalo,5.15,5.68,2.52,-3.16,25,25,50
Mount St. Joseph,5.148148148148148,5.75,19.75,14.0,20,24,44
Virginia,5.148129251700681,5.723809523809524,0.2,-5.523809523809524,25,21,46
East Stroudsburg University,5.147862554112555,5.723484848484849,11.681818181818182,5.958333333333333,22,24,46
Ohio Dominican,5.143356643356644,5.772727272727273,3.5,-2.272727272727273,20,22,42
Morehouse College,5.139999999999999,5.799999999999999,-14.65,-20.45,20,20,40
American International,5.1103146853146875,5.731818181818184,-12.45,-18.181818181818183,20,22,42
Hamilton,5.108695652173914,5.833333333333334,-9.944444444444445,-15.777777777777779,18,18,36
Miami (OH),5.092706622879037,5.581896551724138,7.375,1.793103448275862,24,29,53
Sam Houston,5.089285714285714,5.6521739130434785,-3.5652173913043477,-9.217391304347826,23,23,46
Montana-Western,5.083333333333333,18.0,35.0,17.0,1,1,2
Mars Hill,5.082934609250398,5.712918660287082,7.818181818181818,2.1052631578947367,22,19,41
West Liberty,5.055555555555555,5.636363636363637,-6.863636363636363,-12.5,22,22,44
Michigan,5.041176470588233,5.511764705882351,17.91176470588235,12.4,34,20,54
Howard Payne,5.021804511278195,5.668421052631579,1.368421052631579,-4.3,19,20,39
Concordia University Chicago,5.009273182957395,5.636591478696744,-17.047619047619047,-22.68421052631579,21,19,40
Chadron St,5.008116883116883,5.565476190476191,1.8571428571428572,-3.7083333333333335,21,24,45
Illinois State,4.994293785310734,5.503333333333333,6.583333333333333,1.08,24,25,49
Concordia University St Paul,4.972279733149297,5.534161490683228,-12.857142857142858,-18.391304347826086,21,23,44
New Mexico Highlands,4.963816058155682,5.536796536796537,-11.272727272727273,-16.80952380952381,22,21,43
Hampton,4.949421768707483,5.4819047619047625,-6.28,-11.761904761904763,25,21,46
Saint John's (MN),4.925804889857179,5.477124183006538,29.88888888888889,24.41176470588235,27,17,44
North Carolina,4.919550342130987,5.384848484848485,4.566666666666666,-0.8181818181818182,30,22,52
Bethel University Tennessee,4.916666666666667,17.0,10.0,-7.0,1,1,2
Southwest Minnesota State,4.907407407407409,5.454545454545457,-17.454545454545453,-22.90909090909091,22,22,44
Norwich,4.899999999999999,5.499999999999998,-13.4,-18.9,20,20,40
Ohio Northern,4.898366013071896,5.483333333333333,5.15,-0.3333333333333333,20,21,41
Gardner-Webb,4.834165923282784,5.310526315789474,2.210526315789474,-3.1,19,30,49
Fitchburg State,4.820000000000002,5.400000000000002,-18.2,-23.6,20,20,40
University Of St Francis IN,4.818181818181818,28.0,28.0,0.0,1,0,1
Thiel,4.780000000000001,5.350000000000001,-23.65,-29.0,20,20,40
Kalamazoo,4.776691729323309,5.345864661654136,-5.285714285714286,-10.631578947368421,21,19,40
Olivet College,4.746616541353383,5.308270676691729,-8.428571428571429,-13.736842105263158,21,19,40
Nebraska Wesleyan,4.720551378446115,5.275689223057643,-13.105263157894736,-18.38095238095238,19,21,40
Shenandoah,4.719438971760954,5.260765550239235,13.681818181818182,8.421052631578947,22,19,41
West Virginia Wesleyan,4.719231654014259,5.223602484472046,-29.347826086956523,-34.57142857142857,23,21,44
Texas A&M-Kingsville,4.661765907048925,5.164502164502164,9.545454545454545,4.380952380952381,22,21,43
Wheeling,4.65681312782762,5.146997929606625,4.956521739130435,-0.19047619047619047,23,21,44
Wartburg,4.644353369763205,5.064814814814813,26.814814814814813,21.75,27,24,51
Central State (OH),4.619999999999999,5.1499999999999995,-6.8,-11.95,20,20,40
Ashland,4.58043761691514,5.005016722408026,12.043478260869565,7.038461538461538,23,26,49
Buffalo State,4.562155388471178,5.077694235588972,-20.238095238095237,-25.31578947368421,21,19,40
CENTENARY,4.5455938697318,5.62222222222222,-13.777777777777779,-19.4,9,10,19
Western New England,4.526065162907269,5.032581453634085,13.19047619047619,8.157894736842104,21,19,40
Memphis,4.511702395964693,4.906153846153847,13.346153846153847,8.44,26,25,51
Mayville State,4.490196078431373,7.333333333333333,7.333333333333333,-0.0,3,4,7
Rensselaer,4.481092436974789,4.9642857142857135,16.25,11.285714285714286,20,21,41
Colorado School Of Mines,4.438788542236818,4.804597701149426,25.137931034482758,20.333333333333332,29,24,53
Pomona Pitzer,4.428665727864812,4.88787185354691,8.105263157894736,3.217391304347826,19,23,42
Kentucky Wesleyan,4.351851851851852,4.772727272727273,-18.40909090909091,-23.181818181818183,22,22,44
Colorado Mesa,4.345666911704647,4.774891774891775,5.0476190476190474,0.2727272727272727,21,22,43
Sacramento State,4.276033279656468,4.631239935587761,8.26086956521739,3.6296296296296298,23,27,50
Bowie State,4.265656565656565,4.707070707070707,3.888888888888889,-0.8181818181818182,18,22,40
New England College,4.25,6.0,-39.4,-45.4,5,5,10
Bentley,4.195891690009337,4.60952380952381,11.8,7.190476190476191,20,21,41
Delaware Valley,4.120194035213798,4.480237154150197,17.434782608695652,12.954545454545455,23,22,45
Greensboro College,4.1,4.5,-14.0,-18.5,20,20,40
Georgia State,4.0890395480225985,4.413333333333333,-5.666666666666667,-10.08,24,25,49
Cortland,3.9520056497175124,4.248333333333331,29.208333333333332,24.96,24,25,49
Central College,3.9400000000000004,4.300000000000001,24.6,20.3,20,20,40
Wisconsin-Oshkosh,3.9205513784461163,4.275689223057645,8.894736842105264,4.619047619047619,19,21,40
Western New Mexico,3.918933267989871,4.248917748917748,-16.523809523809526,-20.772727272727273,21,22,43
Elgin,3.909090909090909,18.0,0.0,-18.0,0,1,1
Millsaps,3.8761009667024697,4.228947368421052,-12.421052631578947,-16.65,19,20,39
Liberty,3.870218579234973,4.138888888888889,7.555555555555555,3.4166666666666665,27,24,51
Bryant,3.860442176870748,4.156190476190476,-1.5238095238095237,-5.68,21,25,46
Simpson College (IA),3.857250268528464,4.205263157894737,-7.894736842105263,-12.1,19,20,39
Indiana-Pennsylvania,3.8512345679012348,4.158333333333333,12.958333333333334,8.8,24,20,44
Delta State,3.8392857142857153,4.130434782608697,18.782608695652176,14.652173913043478,23,23,46
Redlands,3.792230576441103,4.1152882205513786,0.21052631578947367,-3.9047619047619047,19,21,40
Southern Connecticut State,3.7403361344537824,4.042857142857144,-5.857142857142857,-9.9,21,20,41
Aurora,3.733821733821734,3.9963369963369964,31.38095238095238,27.384615384615383,21,26,47
Campbellsville University,3.727272727272727,16.0,16.0,0.0,1,0,1
Shippensburg,3.7222222222222223,4.0,-9.090909090909092,-13.090909090909092,22,22,44
Black Hills State,3.6665516448125146,3.9316770186335406,3.7142857142857144,-0.21739130434782608,21,23,44
Bridgewater (VA),3.6599999999999993,3.9499999999999993,12.0,8.05,20,20,40
St. Lawrence,3.6433430515063154,3.936507936507935,-9.285714285714286,-13.222222222222221,21,18,39
Nebraska-Kearney,3.641246836899011,3.9006211180124226,3.857142857142857,-0.043478260869565216,21,23,44
Carthage,3.63984962406015,3.924812030075188,-16.789473684210527,-20.714285714285715,19,21,40
Wisconsin-Stout,3.6174125152453325,3.8899521531100474,7.363636363636363,3.473684210526316,22,19,41
Shaw,3.616380236305048,3.902631578947368,-6.947368421052632,-10.85,19,20,39
Misericordia,3.5967787114845944,3.8642857142857148,-4.285714285714286,-8.15,21,20,41
Fayetteville State,3.592950513538749,3.859523809523809,6.05,2.1904761904761907,20,21,41
Saginaw Valley State,3.5855762594893026,3.832298136645962,10.26086956521739,6.428571428571429,23,21,44
Lake Forest College,3.5835464620630875,3.8478260869565233,27.347826086956523,23.5,23,18,41
William Jewell,3.5080045740423094,3.742424242424242,-8.590909090909092,-12.333333333333334,22,21,43
Elizabeth City State,3.5032760472610103,3.760526315789474,-6.45,-10.210526315789474,20,19,39
Greeneville,3.5022727272727283,3.740909090909092,-4.35,-8.090909090909092,20,22,42
Northwestern State,3.5015109890109892,3.7192307692307693,-21.55,-25.26923076923077,20,26,46
Georgetown,3.493506493506493,3.7142857142857135,-5.0,-8.714285714285714,24,21,45
Hobart College,3.4875874125874122,3.7227272727272727,16.45,12.727272727272727,20,22,42
Beloit,3.4200000000000017,3.650000000000002,-22.9,-26.55,20,20,40
Tiffin,3.406755616900544,3.612836438923395,21.047619047619047,17.434782608695652,21,23,44
Grove City College,3.384824783375509,3.5859213250517605,22.238095238095237,18.652173913043477,21,23,44
FDU-Florham,3.38,3.5999999999999996,1.55,-2.05,20,20,40
Muhlenberg,3.3653846153846154,3.571428571428571,13.095238095238095,9.523809523809524,21,21,42
Trinity University TX,3.353021978021979,3.53846153846154,22.53846153846154,19.0,26,20,46
Widener,3.337092731829574,3.5463659147869677,-0.19047619047619047,-3.736842105263158,21,19,40
Birmingham-Southern,3.3,3.7,1.6,-2.1,10,10,20
Holy Cross,3.2553366174055833,3.412698412698413,8.857142857142858,5.444444444444445,21,27,48
Alabama State,3.2301587301587307,3.3888888888888893,9.5,6.111111111111111,28,18,46
Benedict College,3.2166188197767145,3.369090909090909,15.96,12.590909090909092,25,22,47
Montclair State,3.14,3.3,-2.7,-6.0,20,20,40
Truman State,3.12962962962963,3.2727272727272734,12.772727272727273,9.5,22,22,44
Lagrange College,3.1005012531328315,3.25062656641604,-6.368421052631579,-9.619047619047619,19,21,40
Harvard,3.082746974387841,3.224880382775119,11.909090909090908,8.68421052631579,22,19,41
Allegheny,3.0780880773361976,3.2263157894736842,-12.3,-15.526315789473685,20,19,39
Indiana Wesleyan,3.076923076923077,5.0,2.0,-3.0,1,2,3
Hillsdale,3.030557472586458,3.1511387163561078,4.238095238095238,1.0869565217391304,21,23,44
Amherst,3.021739130434782,3.166666666666666,-5.055555555555555,-8.222222222222221,18,18,36
University of Mary,3.009259259259259,3.125,-11.625,-14.75,24,20,44
Georgetown College Kentucky,3.0,8.0,0.0,-8.0,0,1,1
Arkansas,2.998726655348047,3.098471986417657,2.6774193548387095,-0.42105263157894735,31,19,50
Wayne State (NE),2.9980237154150187,3.108695652173912,11.608695652173912,8.5,23,22,45
Roanoke College,2.973684210526316,3.5,-1.5,-5.0,4,5,9
Albion,2.9400000000000004,3.0500000000000007,9.15,6.1,20,20,40
Missouri Southern State,2.9074074074074074,3.0,-5.863636363636363,-8.863636363636363,22,22,44
Columbia,2.9,3.0,0.35,-2.65,20,20,40
SUNY Morrisville,2.895989974937344,2.9949874686716793,-4.052631578947368,-7.0476190476190474,19,21,40
New Hampshire,2.846320346320346,2.9155844155844153,4.2727272727272725,1.3571428571428572,22,28,50
Valdosta State,2.838840240301396,2.905279503105591,12.035714285714286,9.130434782608695,28,23,51
Midland Lutheran College,2.8181818181818183,6.0,0.0,-6.0,0,1,1
Augustana University (SD),2.792779049071956,2.855072463768117,11.333333333333334,8.478260869565217,24,23,47
Miles College,2.773606237816764,2.8357894736842106,0.3157894736842105,-2.52,19,25,44
Lebanon Valley,2.7718020541549957,2.8380952380952382,6.238095238095238,3.4,21,20,41
Johnson C Smith,2.7143790849673204,2.7666666666666666,10.1,7.333333333333333,20,21,41
Kentucky Christian,2.7058823529411766,3.0,-16.0,-19.0,1,6,7
Hardin-Simmons,2.68641208496281,2.728778467908903,23.38095238095238,20.652173913043477,21,23,44
West Alabama,2.6861208576998052,2.728421052631579,6.36,3.6315789473684212,25,19,44
Catholic,2.66,2.7,-5.7,-8.4,20,20,40
Hiram College,2.6599999999999993,2.6999999999999993,-19.6,-22.3,20,20,40
Lewis & Clark College,2.6466165413533833,2.6842105263157894,1.6842105263157894,-1.0,19,20,39
Pikeville,2.6363636363636362,4.0,0.0,-4.0,0,1,1
PennWest California,2.6331082710393057,2.660839160839161,9.615384615384615,6.954545454545454,26,22,48
St. Thomas University (Fl),2.5833333333333335,3.0,0.0,-3.0,0,2,2
University of Mount Union,2.5564439655172384,2.5668965517241347,33.206896551724135,30.64,29,25,54
North Carolina Wesleyan,2.4849624060150375,2.481203007518797,-7.947368421052632,-10.428571428571429,19,21,40
Eastern Michigan,2.483333333333333,2.4799999999999995,-2.12,-4.6,25,25,50
Ouachita Baptist,2.482142857142858,2.4782608695652186,20.304347826086957,17.82608695652174,23,23,46
Rowan,2.473202614379085,2.466666666666667,7.666666666666667,5.2,21,20,41
West Chester,2.3946336682185736,2.37012987012987,0.22727272727272727,-2.142857142857143,22,21,43
St. Scholastica,2.3673469387755093,2.333333333333332,-16.666666666666668,-19.0,18,21,39
Whitworth,2.2777777777777772,2.2272727272727266,14.227272727272727,12.0,22,22,44
Johns Hopkins University,2.213276836158192,2.154761904761905,20.107142857142858,17.952380952380953,28,21,49
Washington and Lee,2.2090569561157793,2.1380952380952376,10.9,8.761904761904763,20,21,41
Otterbein,2.180000000000001,2.1000000000000014,-24.5,-26.6,20,20,40
Arkansas Tech,2.1296296296296298,2.0454545454545454,-3.0454545454545454,-5.090909090909091,22,22,44
Fort Lewis,2.127705627705628,2.041125541125542,-29.863636363636363,-31.904761904761905,22,21,43
Albany State GA,2.126332336477264,2.041407867494824,13.476190476190476,11.434782608695652,21,23,44
Christopher Newport,2.0980392156862746,2.0,16.0,14.0,21,20,41
Angelo State,2.016528925619834,1.9090909090909083,15.0,13.090909090909092,23,22,45
LAKELAND,2.0,-3.0,-3.0,0.0,1,0,1
Northwestern (IA),2.0,-3.0,0.0,3.0,0,1,1
Bloomsburg,1.9814814814814812,1.8636363636363633,-3.090909090909091,-4.954545454545454,22,22,44
Pacific (OR),1.9638023630504835,1.8263157894736843,1.3,-0.5263157894736842,20,19,39
Savannah St,1.9470461868958109,1.805263157894737,-3.8947368421052633,-5.7,19,20,39
Houston,1.9347542656312002,1.819397993311037,-0.6153846153846154,-2.4347826086956523,26,23,49
UCLA,1.931696188942566,1.818035426731079,0.2962962962962963,-1.5217391304347827,27,23,50
Wayne State (MI),1.923256767842495,1.78913043478261,-16.26086956521739,-18.05,23,20,43
Wesleyan University (CT),1.9077705156136529,1.738562091503268,7.294117647058823,5.555555555555555,17,18,35
Denison University,1.9015037593984971,1.7518796992481214,10.894736842105264,9.142857142857142,19,21,40
Gannon,1.880094748019277,1.7359307359307365,-5.454545454545454,-7.190476190476191,22,21,43
Pittsburg St,1.8242521367521365,1.6891025641025639,12.73076923076923,11.041666666666666,26,24,50
Keiser (Fl),1.8181818181818181,-5.0,0.0,5.0,0,1,1
Franklin & Marshall,1.8134615384615387,1.6500000000000004,10.5,8.85,22,20,42
Norfolk State,1.7403741496598641,1.5752380952380953,-11.904761904761905,-13.48,21,25,46
Midwestern State,1.7221903199343724,1.5413043478260868,-1.608695652173913,-3.15,23,20,43
Manchester,1.6599999999999995,1.4499999999999993,-28.25,-29.7,20,20,40
Kentucky State,1.6474358974358976,1.4444444444444446,-4.722222222222222,-6.166666666666667,18,24,42
Cornell,1.5800000000000005,1.3500000000000005,-4.3,-5.65,20,20,40
Lock Haven University,1.5740740740740746,1.3636363636363642,-7.2272727272727275,-8.590909090909092,22,22,44
Heidelberg,1.5546365914786968,1.318295739348371,6.476190476190476,5.157894736842105,21,19,40
Montana Tech,1.5454545454545454,-8.0,0.0,8.0,0,1,1
Seton Hill,1.5409477800782148,1.3229813664596275,-6.285714285714286,-7.608695652173913,21,23,44
William Paterson,1.5400000000000005,1.3000000000000007,-12.45,-13.75,20,20,40
Newberry,1.5263636363636364,1.31,2.16,0.85,25,20,45
Geneva,1.5180672268907562,1.2785714285714285,-7.15,-8.428571428571429,20,21,41
Wingate,1.514463276836159,1.3133333333333344,14.833333333333334,13.52,24,25,49
Worcester Polytechnic Institute,1.4600000000000009,1.200000000000001,-6.85,-8.05,20,20,40
Washington & Jefferson,1.4499999999999995,1.1999999999999993,25.2,24.0,20,22,42
Missouri Western,1.4076757917337628,1.1594202898550725,0.8260869565217391,-0.3333333333333333,23,21,44
Fairmont State,1.3518518518518519,1.0909090909090908,0.8181818181818182,-0.2727272727272727,22,22,44
Averett,1.3186895810955943,1.0157894736842081,-16.68421052631579,-17.7,19,20,39
Lane College,1.3,1.0,-9.3,-10.3,20,20,40
Northern Illinois,1.2833333333333334,1.04,0.04,-1.0,25,25,50
Wilmington (OH),1.2200000000000017,0.9000000000000021,-19.2,-20.1,20,20,40
Bluffton,1.2200000000000002,0.9000000000000004,-8.7,-9.6,20,20,40
Worcester St,1.2199999999999989,0.8999999999999986,-16.75,-17.65,20,20,40
California Lutheran University,1.1,0.75,-2.05,-2.8,20,20,40
Arizona State,1.062534209085933,0.7750410509031198,-1.0344827586206897,-1.8095238095238095,29,21,50
Maine Maritime,0.9739130434782592,-0.20000000000000284,-47.2,-47.0,5,8,13
Reading,0.9731829573934817,0.5914786967418522,-20.789473684210527,-21.38095238095238,19,21,40
William Woods,0.9090909090909091,-15.0,0.0,15.0,0,1,1
Methodist,0.9,0.5,-12.25,-12.75,20,20,40
Frostburg State,0.8523763955342905,0.5018181818181819,9.181818181818182,8.68,22,25,47
Berry College,0.7744755244755243,0.3636363636363633,25.363636363636363,25.0,22,20,42
Wisconsin-River Falls,0.7619981325863683,0.33809523809523867,23.238095238095237,22.9,21,20,41
Alma,0.7482413419913418,0.3674242424242422,20.958333333333332,20.59090909090909,24,22,46
Washburn,0.7328809140403343,0.331262939958592,-3.4782608695652173,-3.8095238095238093,23,21,44
Eastern New Mexico,0.7244459780691664,0.32091097308488603,-6.809523809523809,-7.130434782608695,21,23,44
Knox College,0.7,0.25,-18.5,-18.75,20,20,40
MIT,0.6985462377170547,0.19814241486068107,-0.6842105263157895,-0.8823529411764706,19,17,36
Juniata College,0.6599999999999995,0.1999999999999993,-30.1,-30.3,20,20,40
Northern Michigan,0.6451575799401886,0.22360248447204967,-19.347826086956523,-19.571428571428573,23,21,44
Bowling Green,0.6310718789407312,0.2646153846153845,-1.12,-1.3846153846153846,25,26,51
Western Colorado,0.6012954402784917,0.21380471380471455,15.25925925925926,15.045454545454545,27,22,49
St Ambrose University  Iowa,0.5833333333333334,-9.0,-28.0,-19.0,1,1,2
Kean,0.5400000000000006,0.05000000000000071,-11.85,-11.9,20,20,40
Benedictine University,0.5102040816326531,0.0,10.0,10.0,19,20,39
Charlotte,0.49148425787106426,0.07304347826086932,-14.84,-14.91304347826087,25,23,48
Westfield State,0.48796992481203033,-0.015037593984962072,-6.857142857142857,-6.842105263157895,21,19,40
Augustana (IL),0.4599999999999998,-0.050000000000000266,2.05,2.1,20,20,40
Buena Vista,0.3799999999999983,-0.15000000000000213,-21.3,-21.15,20,20,40
Colby College,0.32299098128954123,-0.28173374613003066,-3.176470588235294,-2.8947368421052633,17,19,36
Baldwin Wallace,0.3,-0.25,8.9,9.15,20,20,40
Princeton,0.22,-0.35,0.65,1.0,20,20,40
Clark Atlanta,0.1767051318134906,-0.38995215311004827,-9.526315789473685,-9.136363636363637,19,22,41
Anderson (IN),0.1691729323308266,-0.41353383458646675,-31.842105263157894,-31.428571428571427,19,21,40
Jamestown College,0.10779220779220756,-1.8857142857142861,-15.6,-13.714285714285714,5,7,12
Trine University,0.1,-0.5,2.4,2.9,20,20,40
Linfield College,0.09977483816493138,-0.48564593301435366,27.40909090909091,27.894736842105264,22,19,41
Marian College,0.09090909090909091,-24.0,-24.0,0.0,1,0,1
Wabash College,0.06000000000000085,-0.5499999999999989,14.4,14.95,20,20,40
Maryville College (TN),-0.03859355747227586,-0.6430205949656749,14.052631578947368,14.695652173913043,19,23,42
Clarion,-0.09259259259259246,-0.6818181818181817,-6.363636363636363,-5.681818181818182,22,22,44
Plymouth State,-0.10558539205155744,-0.7736842105263158,3.526315789473684,4.3,19,20,39
Rose-Hulman,-0.22000000000000028,-0.9000000000000004,3.05,3.95,20,20,40
Bates,-0.3260869565217388,-1.1111111111111107,-13.88888888888889,-12.777777777777779,18,18,36
Greenville,-0.3761904761904759,-1.095238095238095,5.904761904761905,7.0,21,19,40
Austin,-0.4825993555316858,-1.2473684210526308,-17.3,-16.05263157894737,20,19,39
Gustavus Adolphus,-0.5768528464017193,-1.3657894736842113,7.684210526315789,9.05,19,20,39
Wittenberg,-0.6468671679197996,-1.4335839598997495,7.619047619047619,9.052631578947368,21,19,40
Pennsylvania,-0.6600000000000001,-1.4500000000000002,2.4,3.85,20,20,40
Hampden-Sydney,-0.7030075187969921,-1.50375939849624,7.285714285714286,8.789473684210526,21,19,40
Dickinson State University,-0.7307692307692307,-11.5,-8.5,3.0,2,1,3
Defiance College,-0.7317554240631168,-1.8461538461538467,-12.846153846153847,-11.0,13,16,29
Chicago,-0.7611707841031126,-1.5973684210526287,16.05263157894737,17.65,19,20,39
Virginia St,-0.8688141923436036,-1.6904761904761898,10.5,12.19047619047619,20,21,41
Sewanee,-1.0498746867167923,-1.9373433583959905,-13.095238095238095,-11.157894736842104,21,19,40
Saint Xavier (IL),-1.0909090909090908,-37.0,-37.0,0.0,1,0,1
Bowdoin,-1.1521739130434785,-2.166666666666667,-7.166666666666667,-5.0,18,18,36
Grand Valley State University,-1.1800116890707177,-1.9310344827586192,21.06896551724138,23.0,29,20,49
College of Idaho,-1.1818181818181819,-38.0,0.0,38.0,0,1,1
Brevard College,-1.2010204081632652,-2.15,2.85,5.0,20,19,39
North Central College,-1.2220425599872278,-1.8866930171278042,42.93939393939394,44.82608695652174,33,23,56
Southwestern University,-1.241414141414141,-2.1767676767676765,-12.222222222222221,-10.045454545454545,18,22,40
Southern Virginia,-1.2543859649122822,-2.192982456140353,-19.526315789473685,-17.333333333333332,19,21,40
Limestone,-1.259259259259259,-2.333333333333333,5.0,7.333333333333333,14,21,35
Webber International,-1.2857142857142858,-10.75,0.0,10.75,0,4,4
Gettysburg,-1.3400000000000005,-2.3000000000000007,-18.45,-16.15,20,20,40
Kenyon,-1.4125671321160054,-2.415789473684212,-18.1,-15.68421052631579,20,19,39
Salisbury,-1.4464285714285718,-2.304347826086957,17.82608695652174,20.130434782608695,23,23,46
Towson,-1.4870879120879121,-2.353846153846154,-4.2,-1.8461538461538463,20,26,46
Southern Nazarene,-1.5740740740740742,-2.5,-8.181818181818182,-5.681818181818182,22,22,44
Fort Valley State,-1.5791979949874686,-2.598997493734336,4.2105263157894735,6.809523809523809,19,21,40
Case Western Reserve,-1.6192982456140341,-2.6491228070175428,13.68421052631579,16.333333333333332,19,21,40
Eureka College,-1.819999999999999,-2.8999999999999986,-23.95,-21.05,20,20,40
Merchant Marine Academy,-1.8297872340425532,-3.0,6.0,9.0,18,19,37
CSU Pueblo,-1.891685736079328,-2.8260869565217384,16.0,18.82608695652174,24,23,47
Hope College,-1.9177838464084727,-2.9451754385964897,19.791666666666668,22.736842105263158,24,19,43
Stevenson,-2.0599999999999996,-3.1999999999999993,6.5,9.7,20,20,40
Muskingum University,-2.1005012531328315,-3.25062656641604,-7.619047619047619,-4.368421052631579,21,19,40
Endicott College,-2.2945454545454544,-3.3599999999999994,24.44,27.8,25,20,45
UT Permian Basin,-2.331929824561403,-3.3599999999999994,13.64,17.0,25,22,47
Franklin Pierce,-2.601754385964912,-3.8771929824561404,-3.210526315789474,0.6666666666666666,19,21,40
Southwest Baptist,-2.606818181818182,-3.822727272727273,-8.55,-4.7272727272727275,20,22,42
Calvin University,-2.7222222222222228,-5.333333333333334,-3.3333333333333335,2.0,9,11,20
Edinboro University,-2.7237558469442527,-3.9109730848861286,-7.476190476190476,-3.5652173913043477,21,23,44
Cornell College (IA),-2.739999999999999,-4.049999999999999,-10.7,-6.65,20,20,40
Michigan Tech,-2.7507555337744014,-3.9718614718614718,0.6190476190476191,4.590909090909091,21,22,43
Millersville,-2.8722107200368074,-4.093167701863354,-15.521739130434783,-11.428571428571429,23,21,44
Trinity (CT),-2.918898909678289,-4.424148606811148,19.105263157894736,23.529411764705884,19,17,36
Concordia Moorhead,-2.9375,-4.368421052631579,6.0,10.368421052631579,19,19,38
Adams State,-2.97342995169082,-4.217391304347824,-30.0,-25.782608695652176,21,23,44
Whittier,-3.042105263157896,-9.200000000000003,-44.2,-35.0,5,4,9
Hamline University,-3.0599999999999996,-4.449999999999999,-22.55,-18.1,20,20,40
Susquehanna,-3.400383141762452,-4.62962962962963,20.703703703703702,25.333333333333332,27,21,48
Sioux Falls,-3.6790123456790123,-5.083333333333333,0.75,5.833333333333333,20,24,44
Waynesburg,-3.739999999999999,-5.299999999999999,-12.7,-7.4,20,20,40
Lincoln (CA),-4.042573778422833,-5.564102564102562,-40.0,-34.43589743589744,4,39,43
Oklahoma Panhandle St,-4.538461538461538,-28.0,-58.0,-30.0,1,2,3
South Dakota Mines,-4.944444444444445,-6.636363636363637,-2.4545454545454546,4.181818181818182,22,22,44
Mass Maritime,-5.322556390977444,-7.2781954887218046,-8.421052631578947,-1.1428571428571428,19,21,40
Findlay,-5.711038961038962,-7.5357142857142865,5.75,13.285714285714286,24,21,45
Presentation,-6.583333333333333,-52.0,-29.0,23.0,1,1,2
Phoenix,-6.642857142857143,-29.5,-12.0,17.5,2,2,4
Keystone,-6.738095238095238,-9.625,-22.5625,-12.9375,16,16,32
Hilbert College,-7.261111111111108,-10.049999999999997,-47.4,-37.35,15,20,35
Texas Lutheran,-10.544584500466854,-13.726190476190476,-3.25,10.476190476190476,20,21,41
Guilford College,-10.62,-13.9,-24.25,-10.35,20,20,40
Wayland Baptist,-15.071428571428571,-59.0,-65.0,-6.0,1,3,4
